{
    "defaultSeverity": "error",
    "extends": [
        "tslint:all"
    ],
    "jsRules": {},
    "rules": {
      "arrow-parens": [true, "ban-single-arg-parens"],
      "completed-docs": [true, {
        "classes": { "properties": { "privacies": ["public", "protected"]}},
        "enums": true,
        "functions": true,
        "tags": true,
        "methods": true
      }],
      "interface-name": false,
      "max-line-length": [true, 150],
      "member-ordering": false,
      "newline-before-return": false,
      "no-any": false,
      "no-default-export": false,
      "no-inferrable-types": true,
      "no-null-keyword": false,
      "promise-function-async": false,
      "quotemark": [true, "single", "avoid-escape", "avoid-template"],
      "semicolon": [true, "never"],
      "strict-boolean-expressions": [true, "allow-undefined-union", "allow-boolean-or-undefined"],
      "trailing-comma": [true, {"multiline": "never", "singleline": "never", "esSpecCompliant": true }],
      "triple-equals": [true, "allow-null-check"],
      "type-literal-delimiter": false,
      "typedef": false
    },
    "rulesDirectory": []
}
